43426	#doc=trailercomment.2.txt														
43427	1	»нтервьюер	»Ќ“≈–¬№ё≈–	S m anim nom sg			р	е	ю	ь	в	р	S	»Ќ“≈–¬№ё≈–	S m anim nom sg
43428	2	@	@	PUNC									PUNC	@	PUNC
43429	3	ћы	ћџ	SPRO pl 1p - nom			ы	м					SPRO	ћџ	SPRO pl 1p - nom
43430	4	начинаем	Ќј„»Ќј“№	V ipf praes pl indic - 1p			м	е	а	н	и	ч	V	Ќј„»Ќј“№	V ipf praes pl indic - 1p
43431	5	запись	«јѕ»—№	S f inan acc sg			ь	с	и	п	а	з	S	«јѕ»—№	S f inan acc sg
43432	6	сбора	—Ѕќ–	S m inan gen sg			а	р	о	б	с		S	—Ѕќ–	S m inan gen sg
43433	7	русской	–”—— »…	A - gen sg plen f inan			й	о	к	с	с	у	A	–”—— »…	A - gen sg plen f -
43434	8	живой	∆»¬ќ…	A - gen sg plen f inan			й	о	в	и	ж		A	∆»¬ќ…	A - gen sg plen f -
43435	9	речи	–≈„№	S f inan gen sg			и	ч	е	р			S	–≈„№	S f inan gen sg
43436	10	дл€	ƒЋя	PR			€	л	д				PR	ƒЋя	PR
43437	11	корпуса	 ќ–ѕ”—	S m inan gen sg			а	с	у	п	р	о	S	 ќ–ѕ”—	S m inan gen sg
43438	12	.	.	SENT									SENT	.	SENT
43439															
43440	1	јам	јјћ	INTJ 	distort		м	а	а				S	јјћ	S m anim nom sg
43441	2	,	,	PUNC									PUNC	,	PUNC
43442	3	говор€щий	√ќ¬ќ–»“№	PARTCP ipf inpraes acc sg plen m act anim			й	и	щ	€	р	о	PARTCP	√ќ¬ќ–»“№	PARTCP ipf inpraes acc sg plen m act inan
43443	4	будет	Ѕџ“№	V ipf fut sg indic m 3p			т	е	д	у	б		V	Ѕџ“№	V ipf praes sg indic - 3p
43444	5	комментировать	 ќћћ≈Ќ“»–ќ¬ј“№	V ipf - - inf - -			ь	т	а	в	о	р	V	 ќћћ≈Ќ“»–ќ¬ј“№	V ipf - - inf - -
43445	6	видео	¬»ƒ≈ќ	S n inan nonflex nonflex			о	е	д	и	в		S	¬»ƒ≈ќ	S n inan nonflex nonflex
43446	7	,	,	PUNC									PUNC	,	PUNC
43447	8	которое	 ќ“ќ–џ…	CONJ			е	о	р	о	т	о	A	 ќ“ќ–џ…	A - nom sg plen n -
43448	9	он	ќЌ	SPRO sg 3p m nom			н	о					SPRO	ќЌ	SPRO sg 3p m nom
43449	10	будет	Ѕџ“№	V ipf fut sg indic m 3p			т	е	д	у	б		V	Ѕџ“№	V ipf praes sg indic - 3p
43450	11	смотреть	—ћќ“–≈“№	V ipf - - inf - -			ь	т	е	р	т	о	V	—ћќ“–≈“№	V ipf - - inf - -
43451	12	.	.	SENT									SENT	.	SENT
43452															
43453	1	ѕредставьтесь	ѕ–≈ƒ—“ј¬»“№—я	V pf - pl imper - 2p			ь	с	е	т	ь	в	V	ѕ–≈ƒ—“ј¬»“№—я	V pf - pl imper - 2p
43454	2	,	,	PUNC									PUNC	,	PUNC
43455	3	пожалуйста	ѕќ∆јЋ”…—“ј	PART			а	т	с	й	у	л	PART	ѕќ∆јЋ”…—“ј	PART
43456	4	.	.	SENT									SENT	.	SENT
43457															
43458	1	Ћена	Ћ≈Ќј	S f anim nom sg persn			а	н	е	л			S	Ћ≈Ќј	S f anim nom sg
43459	2	@	@	PUNC									PUNC	@	PUNC
43460	3	ћен€	я	SPRO sg 1p - acc			€	н	е	м			SPRO	я	SPRO sg 1p - acc
43461	4	зовут	«¬ј“№	V ipf praes pl indic - 3p			т	у	в	о	з		V	«¬ј“№	V ipf praes pl indic - 3p
43462	5	Ћена	Ћ≈Ќј	S f anim nom sg persn			а	н	е	л			S	Ћ≈Ќј	S f anim nom sg
43463	6	,	,	PUNC									PUNC	,	PUNC
43464	7	€	я	SPRO sg 1p - nom			€						SPRO	я	SPRO sg 1p - nom
43465	8	студентка	—“”ƒ≈Ќ“ ј	S f anim nom sg			а	к	т	н	е	д	S	—“”ƒ≈Ќ“ ј	S f anim nom sg
43466	9	первого	ѕ≈–¬џ…	ANUM - gen sg plen m inan			о	г	о	в	р	е	A	ѕ≈–¬џ…	A - gen sg plen m -
43467	10	курса	 ”–—	S m inan gen sg			а	с	р	у	к		S	 ”–—	S m inan gen sg
43468	11	Ўколы	Ў ќЋј	S f inan gen sg			ы	л	о	к	ш		S	Ў ќЋј	S f inan gen sg
43469	12	¬остоковедени€	¬ќ—“ќ ќ¬≈ƒ≈Ќ»≈	S n inan acc pl			€	и	н	е	д	е	S	¬ќ—“ќ ќ¬≈ƒ≈Ќ»≈	S n inan acc pl
43470	13	,	,	PUNC									PUNC	,	PUNC
43471	14	ааа	јјј	INTJ 	distort		а	а	а				S	јјј	S m inan nonflex nonflex
43472	15	,	,	PUNC									PUNC	,	PUNC
43473	16	Ќационального	Ќј÷»ќЌјЋ№Ќџ…	A - gen sg plen m inan			о	г	о	н	ь	л	A	Ќј÷»ќЌјЋ№Ќџ…	A - gen sg plen m -
43474	17	исследовательского	»——Ћ≈ƒќ¬ј“≈Ћ№— »…	A - gen sg plen m inan			о	г	о	к	с	ь	A	»——Ћ≈ƒќ¬ј“≈Ћ№— »…	A - gen sg plen m -
43475	18	университета	”Ќ»¬≈–—»“≈“	S m inan gen sg			а	т	е	т	и	с	S	”Ќ»¬≈–—»“≈“	S m inan gen sg
43476	19	¬ысша€	¬џ—Ў»…	A supr nom sg plen f inan			€	а	ш	с	ы	в	A	¬џ—Ў»…	A supr nom sg plen f -
43477	20	школа	Ў ќЋј	S f inan nom sg			а	л	о	к	ш		S	Ў ќЋј	S f inan nom sg
43478	21	экономики	Ё ќЌќћ» ј	S f inan gen sg			и	к	и	м	о	н	S	Ё ќЌќћ» ј	S f inan gen sg
43479	22	.	.	SENT									SENT	.	SENT
43480															
43481	1	»нтервьюер	»Ќ“≈–¬№ё≈–	S m anim nom sg			р	е	ю	ь	в	р	S	»Ќ“≈–¬№ё≈–	S m anim nom sg
43482	2	@	@	PUNC									PUNC	@	PUNC
43483	3	—ейчас	—≈…„ј—	ADV -			с	а	ч	й	е	с	ADV	—≈…„ј—	ADV -
43484	4	мы	ћџ	SPRO pl 1p - nom			ы	м					SPRO	ћџ	SPRO pl 1p - nom
43485	5	начнЄм	Ќј„ј“№	V pf fut pl indic - 1p			м	Є	н	ч	а	н	V	Ќј„ј“№	V pf - pl imper - 1p
43486	6	просмотр	ѕ–ќ—ћќ“–	S m inan acc sg			р	т	о	м	с	о	S	ѕ–ќ—ћќ“–	S m inan acc sg
43487	7	видео	¬»ƒ≈ќ	S n inan nonflex nonflex			о	е	д	и	в		S	¬»ƒ≈ќ	S n inan nonflex nonflex
43488	8	.	.	SENT									SENT	.	SENT
43489															
43490	1	ѕожалуйста	ѕќ∆јЋ”…—“ј	PART			а	т	с	й	у	л	PART	ѕќ∆јЋ”…—“ј	PART
43491	2	,	,	PUNC									PUNC	,	PUNC
43492	3	комментируйте	 ќћћ≈Ќ“»–ќ¬ј“№	V ipf - pl imper - 2p			е	т	й	у	р	и	V	 ќћћ≈Ќ“»–ќ¬ј“№	V ipf - pl imper - 2p
43493	4	по	ѕќ	PR			о	п					PR	ѕќ	PR
43494	5	ходу	’ќƒ	S m inan loc2 sg			у	д	о	х			S	’ќƒ	S m inan loc2 sg
43495	6	того	“ќ	S n - gen sg			о	г	о	т			S	“ќ	S n - gen sg
43496	7	,	,	PUNC									PUNC	,	PUNC
43497	8	как	 ј 	CONJ			к	а	к				CONJ	 ј 	CONJ
43498	9	вы	¬џ	SPRO pl 2p - nom			ы	в					SPRO	¬џ	SPRO pl 2p - nom
43499	10	видите	¬»ƒ≈“№	V ipf praes pl indic - 2p			е	т	и	д	и	в	V	¬»ƒ≈“№	V ipf praes pl indic - 2p
43500	11	.	.	SENT									SENT	.	SENT
43501															
43502	1	„то	„“ќ	SPRO sg - - nom			о	т	ч				S	„“ќ	S n inan acc sg
43503	2	вы	¬џ	SPRO pl 2p - nom			ы	в					SPRO	¬џ	SPRO pl 2p - nom
43504	3	видите	¬»ƒ≈“№	V ipf praes pl indic - 2p			е	т	и	д	и	в	V	¬»ƒ≈“№	V ipf praes pl indic - 2p
43505	4	?	?	SENT									SENT	?	SENT
43506															
43507	1	Ћена	Ћ≈Ќј	S f anim nom sg persn			а	н	е	л			S	Ћ≈Ќј	S f anim nom sg
43508	2	@	@	PUNC									PUNC	@	PUNC
43509	3	ћгм	ћ√ћ	INTJ	bastard		м	г	м				NONLEX	ћ√ћ	NONLEX
43510	4	,	,	PUNC									PUNC	,	PUNC
43511	5	так	“ј 	INTJ			к	а	т				ADV	“ј 	ADV -
43512	6	,	,	PUNC									PUNC	,	PUNC
43513	7	€	я	SPRO sg 1p - nom			€						SPRO	я	SPRO sg 1p - nom
43514	8	увидела	”¬»ƒ≈“№	V pf praet sg indic f -			а	л	е	д	и	в	V	”¬»ƒ≈“№	V pf praet sg indic f -
43515	9	какой-то	 ј ќ…-“ќ	APRO - acc sg plen m inan			о	т		й	о	к	A	 ј ќ…-“ќ	A - nom sg plen m -
43516	10	суперсовременный	—”ѕ≈–—ќ¬–≈ћ≈ЌЌџ…	A - acc sg plen m inan			й	ы	н	н	е	м	A	—”ѕ≈–—ќ¬–≈ћ≈ЌЌџ…	A - nom sg plen m -
43517	11	город	√ќ–ќƒ	S m inan acc sg			д	о	р	о	г		S	√ќ–ќƒ	S m inan nom sg
43518	12	,	,	PUNC									PUNC	,	PUNC
43519	13	город	√ќ–ќƒ	S m inan acc sg			д	о	р	о	г		S	√ќ–ќƒ	S m inan nom sg
43520	14	будущего	Ѕ”ƒ”ў≈≈	S n inan gen sg			о	г	е	щ	у	д	S	Ѕ”ƒ”ў≈≈	S n inan gen sg
43521	15	.	.	SENT									SENT	.	SENT
43522															
43523	1	»ли	»Ћ»	CONJ			и	л	и				CONJ	»Ћ»	CONJ
43524	2	город	√ќ–ќƒ	S m inan nom sg			д	о	р	о	г		S	√ќ–ќƒ	S m inan nom sg
43525	3	,	,	PUNC									PUNC	,	PUNC
43526	4	или	»Ћ»	CONJ			и	л	и				CONJ	»Ћ»	CONJ
43527	5	друга€	ƒ–”√ќ…	A - nom sg plen f inan			€	а	г	у	р	д	A	ƒ–”√ќ…	A - nom sg plen f -
43528	6	цивилизаци€	÷»¬»Ћ»«ј÷»я	S f inan nom sg			€	и	ц	а	з	и	S	÷»¬»Ћ»«ј÷»я	S f inan nom sg
43529	7	.	.	SENT									SENT	.	SENT
43530															
43531	1	јктЄры	ј “≈–	S m anim nom pl			ы	р	Є	т	к	а	S	ј “≈–	S m anim nom pl
43532	2	,	,	PUNC									PUNC	,	PUNC
43533	3	очень	ќ„≈Ќ№	ADV -			ь	н	е	ч	о		ADV	ќ„≈Ќ№	ADV -
43534	4	красивые	 –ј—»¬џ…	A - nom pl plen - anim			е	ы	в	и	с	а	A	 –ј—»¬џ…	A - nom pl plen - -
43535	5	актЄры	ј “≈–	S m anim nom pl			ы	р	Є	т	к	а	S	ј “≈–	S m anim nom pl
43536	6	.	.	SENT									SENT	.	SENT
43537															
43538	1	ћужчина	ћ”∆„»Ќј	S m anim nom sg			а	н	и	ч	ж	у	S	ћ”∆„»Ќј	S m anim nom sg
43539	2	,	,	PUNC									PUNC	,	PUNC
43540	3	он	ќЌ	SPRO sg 3p m nom			н	о					SPRO	ќЌ	SPRO sg 3p m nom
43541	4	лежит	Ћ≈∆ј“№	V ipf praes sg indic - 3p			т	и	ж	е	л		V	Ћ≈∆ј“№	V ipf praes sg indic - 3p
43542	5	.	.	SENT									SENT	.	SENT
43543															
43544	1	Ёто	Ё“ќ	S n - nom sg			о	т	э				S	Ё“ќ	S n - nom sg
43545	2	трейлер	“–≈…Ћ≈–	S m inan acc sg			р	е	л	й	е	р	S	“–≈…Ћ≈–	S m inan acc sg
43546	3	к	 	PR			к						PR	 	PR
43547	4	фильму	‘»Ћ№ћ	S m inan dat sg			у	м	ь	л	и	ф	S	‘»Ћ№ћ	S m inan dat sg
43548	5	,	,	PUNC									PUNC	,	PUNC
43549	6	как	 ј 	CONJ			к	а	к				CONJ	 ј 	CONJ
43550	7	€	я	SPRO sg 1p - nom			€						SPRO	я	SPRO sg 1p - nom
43551	8	пон€ла	ѕќЌя“№	V pf praet sg indic f -			а	л	€	н	о	п	V	ѕќЌя“№	V pf praet sg indic f -
43552	9	.	.	SENT									SENT	.	SENT
43553															
43554	1	я	я	SPRO sg 1p - nom			€						SPRO	я	SPRO sg 1p - nom
43555	2	его	ќЌ	SPRO sg 3p m acc			о	г	е				SPRO	ќЌ	SPRO sg 3p m acc
43556	3	ещЄ	≈ў≈	ADV -			Є	щ	е				ADV	≈ў≈	ADV -
43557	4	не	Ќ≈	PART			е	н					PART	Ќ≈	PART
43558	5	видела	¬»ƒ≈“№	V ipf praet sg indic f -			а	л	е	д	и	в	V	¬»ƒ≈“№	V ipf praet sg indic f -
43559	6	,	,	PUNC									PUNC	,	PUNC
43560	7	интересно	»Ќ“≈–≈—Ќќ	ADV -			о	н	с	е	р	е	ADV	»Ќ“≈–≈—Ќќ	ADV -
43561	8	.	.	SENT									SENT	.	SENT
43562															
43563	1	јаа	јјј	INTJ 	distort		а	а	а				S	јјј	S m inan nonflex nonflex
43564	2	,	,	PUNC									PUNC	,	PUNC
43565	3	современное	—ќ¬–≈ћ≈ЌЌџ…	A - nom sg plen n inan			е	о	н	н	е	м	A	—ќ¬–≈ћ≈ЌЌџ…	A - nom sg plen n -
43566	4	оружие	ќ–”∆»≈	S n inan nom sg			е	и	ж	у	р	о	S	ќ–”∆»≈	S n inan nom sg
43567	5	,	,	PUNC									PUNC	,	PUNC
43568	6	современные	—ќ¬–≈ћ≈ЌЌџ…	A - nom pl plen - inan			е	ы	н	н	е	м	A	—ќ¬–≈ћ≈ЌЌџ…	A - nom pl plen - -
43569	7	технологии	“≈’ЌќЋќ√»я	S f inan nom pl			и	и	г	о	л	о	S	“≈’ЌќЋќ√»я	S f inan nom pl
43570	8	.	.	SENT									SENT	.	SENT
43571															
43572	1	Ёто	Ё“ќ	S n - nom sg			о	т	э				S	Ё“ќ	S n - nom sg
43573	2	фильм-фантастика	‘»Ћ№ћ-‘јЌ“ј—“» ј	S m inan nom sg	слитно, bastard		м	ь	л	и	ф		S	‘»Ћ№ћ	S m inan nom sg
43574	3												PUNC	-	PUNC
43575							а	к	и	т	с	а	S	‘јЌ“ј—“» ј	S f inan nom sg
43576	5	.	.	SENT									SENT	.	SENT
43577															
43578	1	ќчень	ќ„≈Ќ№	ADV -			ь	н	е	ч	о		ADV	ќ„≈Ќ№	ADV -
43579	2	красивые	 –ј—»¬џ…	A - nom pl plen - inan			е	ы	в	и	с	а	A	 –ј—»¬џ…	A - nom pl plen - -
43580	3	€ркие	я– »…	A - nom pl plen - inan			е	и	к	р	€		A	я– »…	A - nom pl plen - -
43581	4	огни	ќ√Ќ№	S m inan nom pl			и	н	г	о			S	ќ√Ќ№	S m inan nom pl
43582	5	,	,	PUNC									PUNC	,	PUNC
43583	6	как	 ј 	CONJ			к	а	к				CONJ	 ј 	CONJ
43584	7	в	¬	PR			в						PR	¬	PR
43585	8	“окио	“ќ »ќ	S m inan loc sg			о	и	к	о	т		S	“ќ »ќ	S m inan loc sg
43586	9	.	.	SENT									SENT	.	SENT
43587															
43588	1	Ћюбовь	ЋёЅќ¬№	S f inan nom sg			ь	в	о	б	ю	л	S	ЋёЅќ¬№	S f inan acc sg
43589	2	.	.	SENT									SENT	.	SENT
43590															
43591	1	ј	ј	INTJ			а						CONJ	ј	CONJ
43592	2	,	,	PUNC									PUNC	,	PUNC
43593	3	женщина	∆≈Ќў»Ќј	S f anim nom sg			а	н	и	щ	н	е	S	∆≈Ќў»Ќј	S f anim nom sg
43594	4	и	»	CONJ			и						CONJ	»	CONJ
43595	5	мужчина	ћ”∆„»Ќј	S m anim nom sg			а	н	и	ч	ж	у	S	ћ”∆„»Ќј	S m anim nom sg
43596	6	,	,	PUNC									PUNC	,	PUNC
43597	7	которые	 ќ“ќ–џ…	CONJ			е	ы	р	о	т	о	A	 ќ“ќ–џ…	A - nom pl plen - -
43598	8	целуютс€	÷≈Ћќ¬ј“№—я	V ipf praes pl indic - 3p			€	с	т	ю	у	л	V	÷≈Ћќ¬ј“№—я	V ipf praes pl indic - 3p
43599	9	.	.	SENT									SENT	.	SENT
43600															
43601	1	ѕостапокалипсис	ѕќ—“јѕќ јЋ»ѕ—»—	S m inan nom sg	слитно, bastard		т	с	о	п			S	ѕќ—“	S m inan nom sg
43602	2						с	и	с	п	и	л	S	јѕќ јЋ»ѕ—»—	S m inan nom sg
43603	3	,	,	PUNC									PUNC	,	PUNC
43604	4	разрушенный	–ј«–”Ў»“№	PARTCP pf praet nom sg plen m pass inan			й	ы	н	н	е	ш	PARTCP	–ј«–”Ў»“№	PARTCP pf praet acc sg plen m pass inan
43605	5	город	√ќ–ќƒ	S m inan nom sg			д	о	р	о	г		S	√ќ–ќƒ	S m inan acc sg
43606	6	,	,	PUNC									PUNC	,	PUNC
43607	7	пустын€	ѕ”—“џЌя	S f inan nom sg			€	н	ы	т	с	у	S	ѕ”—“џЌя	S f inan nom sg
43608	8	,	,	PUNC									PUNC	,	PUNC
43609	9	в	¬	PR			в						PR	¬	PR
43610	10	оранжевых	ќ–јЌ∆≈¬џ…	A - loc pl plen - inan			х	ы	в	е	ж	н	A	ќ–јЌ∆≈¬џ…	A - loc pl plen - -
43611	11	тонах	“ќЌ	S m inan loc pl			х	а	н	о	т		S	“ќЌ	S m inan loc pl
43612	12	.	.	SENT									SENT	.	SENT
43613															
43614	1	ћужчина	ћ”∆„»Ќј	S m anim nom sg			а	н	и	ч	ж	у	S	ћ”∆„»Ќј	S m anim nom sg
43615	2	осторожно	ќ—“ќ–ќ∆Ќќ	ADV -			о	н	ж	о	р	о	ADV	ќ—“ќ–ќ∆Ќќ	ADV -
43616	3	входит	¬’ќƒ»“№	V ipf praes sg indic - 3p			т	и	д	о	х	в	V	¬’ќƒ»“№	V ipf praes sg indic - 3p
43617	4	,	,	PUNC									PUNC	,	PUNC
43618	5	перешагивает	ѕ≈–≈Ўј√»¬ј“№	V ipf praes sg indic - 3p			т	е	а	в	и	г	V	ѕ≈–≈Ўј√»¬ј“№	V ipf praes sg indic - 3p
43619	6	через	„≈–≈«	PR			з	е	р	е	ч		PR	„≈–≈«	PR
43620	7	раст€жку	–ј—“я∆ ј	S f inan acc sg			у	к	ж	€	т	с	S	–ј—“я∆ ј	S f inan acc sg
43621	8	с	—	PR			с						PR	—	PR
43622	9	гранатой	√–јЌј“ј	S f inan ins sg			й	о	т	а	н	а	S	√–јЌј“ј	S f inan ins sg
43623	10	,	,	PUNC									PUNC	,	PUNC
43624	11	эм	Ёћ	INTJ	distort, bastard		м	э					S	Ёћ	S n inan nonflex nonflex
43625	12	,	,	PUNC									PUNC	,	PUNC
43626	13	так	“ј 	INTJ			к	а	т				ADV	“ј 	ADV -
43627	14	.	.	SENT									SENT	.	SENT
43628															
43629	1	»нтересно	»Ќ“≈–≈—Ќќ	ADV -			о	н	с	е	р	е	ADV	»Ќ“≈–≈—Ќќ	ADV -
43630	2	,	,	PUNC									PUNC	,	PUNC
43631	3	тут	“”“	ADV -			т	у	т				ADV	“”“	ADV -
43632	4	уже	”∆≈	ADV -			е	ж	у				ADV	”∆≈	ADV -
43633	5	более	ЅќЋ≈≈	ADV -			е	е	л	о	б		ADV	ЅќЋ≈≈	ADV -
43634	6	такое	“ј ќ…	APRO - nom sg plen n -			е	о	к	а	т		A	“ј ќ…	A - nom sg plen n -
43635	7	,	,	PUNC									PUNC	,	PUNC
43636	8	менее	ћ≈Ќ≈≈	ADV -			е	е	н	е	м		ADV	ћ≈Ќ≈≈	ADV -
43637	9	современное	—ќ¬–≈ћ≈ЌЌџ…	A - nom sg plen n inan			е	о	н	н	е	м	A	—ќ¬–≈ћ≈ЌЌџ…	A - nom sg plen n -
43638	10	,	,	PUNC									PUNC	,	PUNC
43639	11	более	ЅќЋ≈≈	ADV -			е	е	л	о	б		ADV	ЅќЋ≈≈	ADV -
43640	12	старое	—“ј–џ…	A - nom sg plen n -			е	о	р	а	т	с	A	—“ј–џ…	A - nom sg plen n -
43641	13	что-то	„“ќ-“ќ	SPRO sg - - nom			о	т		о	т	ч	S	„“ќ-“ќ	S n - nom sg
43642	14	началось	Ќј„ј“№—я	V pf praet sg indic n -			ь	с	о	л	а	ч	V	Ќј„ј“№—я	V pf praet sg indic n -
43643	15	.	.	SENT									SENT	.	SENT
43644															
43645	1	»нтервьюер	»Ќ“≈–¬№ё≈–	S m anim nom sg			р	е	ю	ь	в	р	S	»Ќ“≈–¬№ё≈–	S m anim nom sg
43646	2	@	@	PUNC									PUNC	@	PUNC
43647	3	„то	„“ќ	SPRO sg - - nom			о	т	ч				S	„“ќ	S n - nom sg
43648	4	происходит	ѕ–ќ»—’ќƒ»“№	V ipf praes sg indic - 3p			т	и	д	о	х	с	V	ѕ–ќ»—’ќƒ»“№	V ipf praes sg indic - 3p
43649	5	там	“јћ	ADV -			м	а	т				ADV	“јћ	ADV -
43650	6	?	?	SENT									SENT	?	SENT
43651															
43652	1	Ћена	Ћ≈Ќј	S f anim nom sg persn			а	н	е	л			S	Ћ≈Ќј	S f anim nom sg
43653	2	@	@	PUNC									PUNC	@	PUNC
43654	3	ћужчина	ћ”∆„»Ќј	S m anim nom sg			а	н	и	ч	ж	у	S	ћ”∆„»Ќј	S m anim nom sg
43655	4	разговаривает	–ј«√ќ¬ј–»¬ј“№	V ipf praes sg indic - 3p			т	е	а	в	и	р	V	–ј«√ќ¬ј–»¬ј“№	V ipf praes sg indic - 3p
43656	5	с	—	PR			с						PR	—	PR
43657	6	мужчиной	ћ”∆„»Ќј	S m anim ins sg			й	о	н	и	ч	ж	S	ћ”∆„»Ќј	S m anim ins sg
43658	7	,	,	PUNC									PUNC	,	PUNC
43659	8	более	ЅќЋ≈≈	ADV -			е	е	л	о	б		ADV	ЅќЋ≈≈	ADV -
43660	9	старым	—“ј–џ…	A - ins sg plen n anim			м	ы	р	а	т	с	A	—“ј–џ…	A - ins sg plen n -
43661	10	,	,	PUNC									PUNC	,	PUNC
43662	11	может	ћќ„№	V ipf praes sg indic - 3p			т	е	ж	о	м		V	ћќ„№	V ipf praes sg indic - 3p
43663	12	быть	Ѕџ“№	V ipf - - inf - -			ь	т	ы	б			V	Ѕџ“№	V ipf - - inf - -
43664	13	,	,	PUNC									PUNC	,	PUNC
43665	14	это	Ё“ќ	S n - nom sg			о	т	э				S	Ё“ќ	S n - nom sg
43666	15	его	≈√ќ	APRO - nonflex nonflex plen m anim			о	г	е				A	≈√ќ	A - nonflex nonflex plen - -
43667	16	отец	ќ“≈÷	S m anim nom sg			ц	е	т	о			S	ќ“≈÷	S m anim nom sg
43668	17	,	,	PUNC									PUNC	,	PUNC
43669	18	не	Ќ≈	PART			е	н					PART	Ќ≈	PART
43670	19	знаю	«Ќј“№	V ipf praes sg indic - 1p			ю	а	н	з			V	«Ќј“№	V ipf praes sg indic - 1p
43671	20	.	.	SENT									SENT	.	SENT
43672															
43673	1	јаа	јјј	INTJ	distort		а	а	а				S	јјј	S m inan nonflex nonflex
43674	2	,	,	PUNC									PUNC	,	PUNC
43675	3	а	ј	CONJ			а						CONJ	ј	CONJ
43676	4	теперь	“≈ѕ≈–№	ADV -			ь	р	е	п	е	т	ADV	“≈ѕ≈–№	ADV -
43677	5	он	ќЌ	SPRO sg 3p m nom			н	о					SPRO	ќЌ	SPRO sg 3p m nom
43678	6	летит	Ћ≈“≈“№	V ipf praes sg indic - 3p			т	и	т	е	л		V	Ћ≈“≈“№	V ipf praes sg indic - 3p
43679	7	куда-то	 ”ƒј-“ќ	ADV -			о	т		а	д	у	ADV	 ”ƒј-“ќ	ADV -
43680	8	на	Ќј	PR			а	н					PR	Ќј	PR
43681	9	самолЄте	—јћќЋ≈“	S m inan loc sg			е	т	Є	л	о	м	S	—јћќЋ≈“	S m inan loc sg
43682	10	.	.	SENT									SENT	.	SENT
43683															
43684	1	Ём	Ёћ	INTJ	distort		м	э					S	Ёћ	S n inan nonflex nonflex
43685	2	,	,	PUNC									PUNC	,	PUNC
43686	3	так	“ј 	INTJ			к	а	т				ADV	“ј 	ADV -
43687	4	,	,	PUNC									PUNC	,	PUNC
43688	5	очень	ќ„≈Ќ№	ADV -			ь	н	е	ч	о		ADV	ќ„≈Ќ№	ADV -
43689	6	красивые	 –ј—»¬џ…	A - nom pl plen - inan			е	ы	в	и	с	а	A	 –ј—»¬џ…	A - nom pl plen - -
43690	7	€ркие	я– »…	A - nom pl plen - inan			е	и	к	р	€		A	я– »…	A - nom pl plen - -
43691	8	краски	 –ј— ј	S f inan nom pl			и	к	с	а	р	к	S	 –ј— ј	S f inan nom pl
43692	9	,	,	PUNC									PUNC	,	PUNC
43693	10	на	Ќј	PR			а	н					PR	Ќј	PR
43694	11	экране	Ё –јЌ	S m inan loc sg			е	н	а	р	к	э	S	Ё –јЌ	S m inan loc sg
43695	12	показывают	ѕќ ј«џ¬ј“№	V ipf praes pl indic - 3p			т	ю	а	в	ы	з	V	ѕќ ј«џ¬ј“№	V ipf praes pl indic - 3p
43696	13	множество	ћЌќ∆≈—“¬ќ	S n inan acc sg			о	в	т	с	е	ж	S	ћЌќ∆≈—“¬ќ	S n inan acc sg
43697	14	различных	–ј«Ћ»„Ќџ…	A - gen pl plen - inan			х	ы	н	ч	и	л	A	–ј«Ћ»„Ќџ…	A - gen pl plen - -
43698	15	современных	—ќ¬–≈ћ≈ЌЌџ…	A - gen pl plen - inan			х	ы	н	н	е	м	A	—ќ¬–≈ћ≈ЌЌџ…	A - gen pl plen - -
43699	16	технологий	“≈’ЌќЋќ√»я	S f inan gen pl			й	и	г	о	л	о	S	“≈’ЌќЋќ√»я	S f inan gen pl
43700	17	,	,	PUNC									PUNC	,	PUNC
43701	18	которые...	 ќ“ќ–џ…...	CONJ						е	ы	р	A	 ќ“ќ–џ…...	A - nom pl plen - -
43702	19	с	—	PR			с						PR	—	PR
43703	20	которыми	 ќ“ќ–џ…	CONJ			и	м	ы	р	о	т	A	 ќ“ќ–џ…	A - ins pl plen - -
43704	21	взаимодействуют	¬«ј»ћќƒ≈…—“¬ќ¬ј“№	V ipf praes pl indic - 3p			т	ю	у	в	т	с	V	¬«ј»ћќƒ≈…—“¬ќ¬ј“№	V ipf praes pl indic - 3p
43705	22	люди	„≈Ћќ¬≈ 	S m anim nom pl			и	д	ю	л			S	„≈Ћќ¬≈ 	S m anim nom pl
43706	23	,	,	PUNC									PUNC	,	PUNC
43707	24	вот	¬ќ“	PART			т	о	в				PART	¬ќ“	PART
43708	25	.	.	SENT									SENT	.	SENT
43709															
43710	1	ќчень	ќ„≈Ќ№	ADV -			ь	н	е	ч	о		ADV	ќ„≈Ќ№	ADV -
43711	2	динамичный	ƒ»Ќјћ»„Ќџ…	A - nom sg plen m inan			й	ы	н	ч	и	м	A	ƒ»Ќјћ»„Ќџ…	A - nom sg plen m -
43712	3	сюжет	—ё∆≈“	S m inan nom sg			т	е	ж	ю	с		S	—ё∆≈“	S m inan nom sg
43713	4	,	,	PUNC									PUNC	,	PUNC
43714	5	посто€нно	ѕќ—“ќяЌЌќ	ADV -			о	н	н	€	о	т	ADV	ѕќ—“ќяЌЌќ	ADV -
43715	6	мен€юща€с€	ћ≈Ќя“№—я	PARTCP ipf inpraes nom sg plen f act inan			€	с	€	а	щ	ю	PARTCP	ћ≈Ќя“№—я	PARTCP ipf inpraes nom sg plen f act -
43716	7	картинка	 ј–“»Ќ ј	S f inan nom sg			а	к	н	и	т	р	S	 ј–“»Ќ ј	S f inan nom sg
43717	8	,	,	PUNC									PUNC	,	PUNC
43718	9	сложно	—Ћќ∆Ќќ	ADV -			о	н	ж	о	л	с	ADV	—Ћќ∆Ќќ	ADV -
43719	10	описать	ќѕ»—ј“№	V pf - - inf - -			ь	т	а	с	и	п	V	ќѕ»—ј“№	V pf - - inf - -
43720	11	,	,	PUNC									PUNC	,	PUNC
43721	12	что-то	„“ќ-“ќ	SPRO sg - - nom			о	т		о	т	ч	S	„“ќ-“ќ	S n - nom sg
43722	13	одно	ќƒ»Ќ	A - nom sg plen n -			о	н	д	о			A	ќƒ»Ќ	A - nom sg plen n -
43723	14	конкретное	 ќЌ –≈“Ќџ…	A - nom sg plen n -			е	о	н	т	е	р	A	 ќЌ –≈“Ќџ…	A - nom sg plen n -
43724	15	,	,	PUNC									PUNC	,	PUNC
43725	16	ааа	јјј	INTJ	distort		а	а	а				S	јјј	S m inan nonflex nonflex
43726	17	вот	¬ќ“	PART			т	о	в				PART	¬ќ“	PART
43727	18	.	.	SENT									SENT	.	SENT
43728															
43729	1	Ќо	Ќќ	CONJ			о	н					CONJ	Ќќ	CONJ
43730	2	показывают	ѕќ ј«џ¬ј“№	V ipf praes pl indic - 3p			т	ю	а	в	ы	з	V	ѕќ ј«џ¬ј“№	V ipf praes pl indic - 3p
43731	3	,	,	PUNC									PUNC	,	PUNC
43732	4	как	 ј 	CONJ			к	а	к				CONJ	 ј 	CONJ
43733	5	€	я	SPRO sg 1p - nom			€						SPRO	я	SPRO sg 1p - nom
43734	6	пон€ла	ѕќЌя“№	V pf praet sg indic f -			а	л	€	н	о	п	V	ѕќЌя“№	V pf praet sg indic f -
43735	7	,	,	PUNC									PUNC	,	PUNC
43736	8	краткий	 –ј“ »…	A - acc sg plen m inan			й	и	к	т	а	р	A	 –ј“ »…	A - nom sg plen m -
43737	9	анонс	јЌќЌ—	S m inan acc sg			с	н	о	н	а		S	јЌќЌ—	S m inan nom sg
43738	10	к	 	PR			к						PR	 	PR
43739	11	фильму	‘»Ћ№ћ	S m inan dat sg			у	м	ь	л	и	ф	S	‘»Ћ№ћ	S m inan dat sg
43740	12	.	.	SENT									SENT	.	SENT
43741															
43742	1	∆енщина	∆≈Ќў»Ќј	S f anim nom sg			а	н	и	щ	н	е	S	∆≈Ќў»Ќј	S f anim nom sg
43743	2	,	,	PUNC									PUNC	,	PUNC
43744	3	она	ќЌј	SPRO sg 3p f nom			а	н	о				SPRO	ќЌј	SPRO sg 3p f nom
43745	4	восхвал€ет	¬ќ—’¬јЋя“№	V ipf praes sg indic - 3p			т	е	€	л	а	в	V	¬ќ—’¬јЋя“№	V ipf praes sg indic - 3p
43746	5	мужчину	ћ”∆„»Ќј	S m anim acc sg			у	н	и	ч	ж	у	S	ћ”∆„»Ќј	S m anim acc sg
43747	6	.	.	SENT									SENT	.	SENT
43748															
43749	1	—импатична€	—»ћѕј“»„Ќџ…	A - nom sg plen f anim			€	а	н	ч	и	т	A	—»ћѕј“»„Ќџ…	A - nom sg plen f -
43750	2	женщина	∆≈Ќў»Ќј	S f anim nom sg			а	н	и	щ	н	е	S	∆≈Ќў»Ќј	S f anim nom sg
43751	3	,	,	PUNC									PUNC	,	PUNC
43752	4	не	Ќ≈	PART			е	н					PART	Ќ≈	PART
43753	5	очень	ќ„≈Ќ№	ADV -			ь	н	е	ч	о		ADV	ќ„≈Ќ№	ADV -
43754	6	симпатичный	—»ћѕј“»„Ќџ…	A - nom sg plen m anim			й	ы	н	ч	и	т	A	—»ћѕј“»„Ќџ…	A - nom sg plen m -
43755	7	мужчина	ћ”∆„»Ќј	S m anim nom sg			а	н	и	ч	ж	у	S	ћ”∆„»Ќј	S m anim nom sg
43756	8	.	.	SENT									SENT	.	SENT
43757															
43758	1	ћужчина	ћ”∆„»Ќј	S m anim nom sg			а	н	и	ч	ж	у	S	ћ”∆„»Ќј	S m anim nom sg
43759	2	стоит	—“ќя“№	V ipf praes sg indic - 3p			т	и	о	т	с		V	—“ќя“№	V ipf praes sg indic - 3p
43760	3	над	Ќјƒ	PR			д	а	н				PR	Ќјƒ	PR
43761	4	книгой	 Ќ»√ј	S f inan ins sg			й	о	г	и	н	к	S	 Ќ»√ј	S f inan ins sg
43762	5	и	»	CONJ			и						CONJ	»	CONJ
43763	6	что-то	„“ќ-“ќ	SPRO sg - - nom			о	т		о	т	ч	S	„“ќ-“ќ	S n - nom sg
43764	7	читает	„»“ј“№	V ipf praes sg indic - 3p			т	е	а	т	и	ч	V	„»“ј“№	V ipf praes sg indic - 3p
43765	8	.	.	SENT									SENT	.	SENT
43766															
43767	1	ѕоследние	ѕќ—Ћ≈ƒЌ»…	A - nom pl plen - inan			е	и	н	д	е	л	A	ѕќ—Ћ≈ƒЌ»…	A - nom pl plen - -
43768	2	титры	“»“–	S m inan nom pl			ы	р	т	и	т		S	“»“–	S m inan nom pl
43769	3	,	,	PUNC									PUNC	,	PUNC
43770	4	Ђ	Ђ	PUNC									PUNC	Ђ	PUNC
43771	5	Ѕегущий	Ѕ≈∆ј“№	PARTCP ipf inpraes acc sg plen m act inan			й	и	щ	у	г	е	PARTCP	Ѕ≈∆ј“№	PARTCP ipf inpraes acc sg plen m act inan
43772	6	по	ѕќ	PR			о	п					PR	ѕќ	PR
43773	7	лезвию	Ћ≈«¬»≈	S n inan dat sg			ю	и	в	з	е	л	S	Ћ≈«¬»≈	S n inan dat sg
43774	8	ї	ї	PUNC									PUNC	ї	PUNC
43775	9	фильм	‘»Ћ№ћ	S m inan nom sg			м	ь	л	и	ф		S	‘»Ћ№ћ	S m inan acc sg
43776	10	,	,	PUNC									PUNC	,	PUNC
43777	11	две	ƒ¬ј	NUM nom f -			е	в	д				NUM	ƒ¬ј	NUM nom f -
43778	12	тыс€чи	“џ—я„ј	NUM nom f -			и	ч	€	с	ы	т	S	“џ—я„ј	S f inan gen sg
43779	13	сорок	—ќ–ќ 	NUM acc - -			к	о	р	о	с		NUM	—ќ–ќ 	NUM acc - -
43780	14	дев€тый	ƒ≈¬я“џ…	ANUM - nom sg plen m inan			й	ы	т	€	в	е	A	ƒ≈¬я“џ…	A - nom sg plen m -
43781	15	год	√ќƒ	S m inan acc sg			д	о	г				S	√ќƒ	S m inan acc sg
43782	16	.	.	SENT									SENT	.	SENT
43783															
43784	1	¬сЄ	¬—≈	INTJ			Є	с	в				ADV	¬—≈	ADV -
43785	2	,	,	PUNC									PUNC	,	PUNC
43786	3	экран	Ё –јЌ	S m inan nom sg			н	а	р	к	э		S	Ё –јЌ	S m inan acc sg
43787	4	погас	ѕќ√ј—Ќ”“№	V pf praet sg indic m -			с	а	г	о	п		V	ѕќ√ј—Ќ”“№	V pf praet sg indic m -
43788	5	.	.	SENT									SENT	.	SENT
43789															
43790	1	»нтервьюер	»Ќ“≈–¬№ё≈–	S m anim nom sg			р	е	ю	ь	в	р	S	»Ќ“≈–¬№ё≈–	S m anim nom sg
43791	2	@	@	PUNC									PUNC	@	PUNC
43792	3	ћгм	ћ√ћ	INTJ	distort, bastard		м	г	м				NONLEX	ћ√ћ	NONLEX
43793	4	,	,	PUNC									PUNC	,	PUNC
43794	5	аа	јј	INTJ	distort		а	а					NONLEX	јј	NONLEX
43795	6	,	,	PUNC									PUNC	,	PUNC
43796	7	о	ќ	PR			о						PR	ќ	PR
43797	8	чЄм	„“ќ	SPRO sg - - loc			м	Є	ч				S	„“ќ	S n - loc sg
43798	9	был	Ѕџ“№	V ipf praet sg indic m -			л	ы	б				V	Ѕџ“№	V ipf praet sg indic m -
43799	10	этот	Ё“ќ“	SPRO sg m - nom			т	о	т	э			A	Ё“ќ“	A - nom sg plen m -
43800	11	видеоролик	¬»ƒ≈ќ–ќЋ» 	S m inan nom sg			к	и	л	о	р	о	S	¬»ƒ≈ќ–ќЋ» 	S m inan acc sg
43801	12	?	?	SENT									SENT	?	SENT
43802															
43803	1	Ћена	Ћ≈Ќј	S f anim nom sg persn			а	н	е	л			S	Ћ≈Ќј	S f anim nom sg
43804	2	@	@	PUNC									PUNC	@	PUNC
43805	3	 ак	 ј 	CONJ			к	а	к				ADV	 ј 	ADV -
43806	4	€	я	SPRO sg 1p - nom			€						SPRO	я	SPRO sg 1p - nom
43807	5	пон€ла	ѕќЌя“№	V pf praet sg indic f -			а	л	€	н	о	п	V	ѕќЌя“№	V pf praet sg indic f -
43808	6	,	,	PUNC									PUNC	,	PUNC
43809	7	это	Ё“ќ	S n - nom sg			о	т	э				S	Ё“ќ	S n - nom sg
43810	8	трейлер	“–≈…Ћ≈–	S m inan acc sg			р	е	л	й	е	р	S	“–≈…Ћ≈–	S m inan acc sg
43811	9	к	 	PR			к						PR	 	PR
43812	10	фильму	‘»Ћ№ћ	S m inan dat sg			у	м	ь	л	и	ф	S	‘»Ћ№ћ	S m inan dat sg
43813	11	,	,	PUNC									PUNC	,	PUNC
43814	12	этот	Ё“ќ“	SPRO sg m - nom			т	о	т	э			A	Ё“ќ“	A - nom sg plen m -
43815	13	самый	—јћџ…	A - nom sg plen m inan			й	ы	м	а	с		A	—јћџ…	A - nom sg plen m -
43816	14	Ђ	Ђ	PUNC									PUNC	Ђ	PUNC
43817	15	Ѕегущий	Ѕ≈∆ј“№	PARTCP ipf inpraes acc sg plen m act inan			й	и	щ	у	г	е	PARTCP	Ѕ≈∆ј“№	PARTCP ipf inpraes acc sg plen m act inan
43818	16	по	ѕќ	PR			о	п					PR	ѕќ	PR
43819	17	лезвию	Ћ≈«¬»≈	S n inan dat sg			ю	и	в	з	е	л	S	Ћ≈«¬»≈	S n inan dat sg
43820	18	ї	ї	PUNC									PUNC	ї	PUNC
43821	19	,	,	PUNC									PUNC	,	PUNC
43822	20	вот	¬ќ“	PART			т	о	в				PART	¬ќ“	PART
43823	21	.	.	SENT									SENT	.	SENT
43824															
43825	1	Ётот	Ё“ќ“	SPRO sg m - nom			т	о	т	э			A	Ё“ќ“	A - nom sg plen m -
43826	2	фильм	‘»Ћ№ћ	S m inan nom sg			м	ь	л	и	ф		S	‘»Ћ№ћ	S m inan nom sg
43827	3	про	ѕ–ќ	PR			о	р	п				PR	ѕ–ќ	PR
43828	4	космос	 ќ—ћќ—	S m inan acc sg			с	о	м	с	о	к	S	 ќ—ћќ—	S m inan acc sg
43829	5	,	,	PUNC									PUNC	,	PUNC
43830	6	про	ѕ–ќ	PR			о	р	п				PR	ѕ–ќ	PR
43831	7	будущее	Ѕ”ƒ”ў≈≈	S n inan acc sg			е	е	щ	у	д	у	S	Ѕ”ƒ”ў≈≈	S n inan acc sg
43832	8	,	,	PUNC									PUNC	,	PUNC
43833	9	про	ѕ–ќ	PR			о	р	п				PR	ѕ–ќ	PR
43834	10	современные	—ќ¬–≈ћ≈ЌЌџ…	A - acc pl plen - inan			е	ы	н	н	е	м	A	—ќ¬–≈ћ≈ЌЌџ…	A - acc pl plen - inan
43835	11	технологии	“≈’ЌќЋќ√»я	S f inan acc pl			и	и	г	о	л	о	S	“≈’ЌќЋќ√»я	S f inan acc pl
43836	12	,	,	PUNC									PUNC	,	PUNC
43837	13	возможно	¬ќ«ћќ∆Ќќ	PARENTH			о	н	ж	о	м	з	A	¬ќ«ћќ∆Ќџ…	A - - sg brev n -
43838	14	даже	ƒј∆≈	PART			е	ж	а	д			PART	ƒј∆≈	PART
43839	15	про	ѕ–ќ	PR			о	р	п				PR	ѕ–ќ	PR
43840	16	любовь	ЋёЅќ¬№	S f inan acc sg			ь	в	о	б	ю	л	S	ЋёЅќ¬№	S f inan acc sg
43841	17	,	,	PUNC									PUNC	,	PUNC
43842	18	€	я	SPRO sg 1p - nom			€						SPRO	я	SPRO sg 1p - nom
43843	19	бы	Ѕџ	PART			ы	б					PART	Ѕџ	PART
43844	20	сходила	—’ќƒ»“№	V ipf praet sg indic f -			а	л	и	д	о	х	V	—’ќƒ»“№	V ipf praet sg indic f -
43845	21	на	Ќј	PR			а	н					PR	Ќј	PR
43846	22	него	ќЌ	SPRO sg 3p m acc			о	г	е	н			SPRO	ќЌ	SPRO sg 3p m acc
43847	23	,	,	PUNC									PUNC	,	PUNC
43848	24	интересна€	»Ќ“≈–≈—Ќџ…	A - nom sg plen f inan			€	а	н	с	е	р	A	»Ќ“≈–≈—Ќџ…	A - nom sg plen f -
43849	25	динамика	ƒ»Ќјћ» ј	S f inan nom sg			а	к	и	м	а	н	S	ƒ»Ќјћ» ј	S f inan nom sg
43850	26	сюжета	—ё∆≈“	S m inan gen sg			а	т	е	ж	ю	с	S	—ё∆≈“	S m inan gen sg
43851	27	.	.	SENT									SENT	.	SENT
43852															
43853	1	»нтервьюер	»Ќ“≈–¬№ё≈–	S m anim nom sg			р	е	ю	ь	в	р	S	»Ќ“≈–¬№ё≈–	S m anim nom sg
43854	2	@	@	PUNC									PUNC	@	PUNC
43855	3	’орошо	’ќ–ќЎќ	INTJ			о	ш	о	р	о	х	ADV	’ќ–ќЎќ	ADV -
43856	4	,	,	PUNC									PUNC	,	PUNC
43857	5	спасибо	—ѕј—»Ѕќ	S n inan nonflex nonflex			о	б	и	с	а	п	S	—ѕј—»Ѕќ	S n inan nonflex nonflex
43858	6	большое	ЅќЋ№Ўќ…	A - nom sg plen n inan			е	о	ш	ь	л	о	A	ЅќЋ№Ўќ…	A - nom sg plen n -
43859	7	.	.	SENT									SENT	.	SENT
43860															
43861	1	Ћена	Ћ≈Ќј	S f anim nom sg persn			а	н	е	л			S	Ћ≈Ќј	S f anim nom sg
43862	2	@	@	PUNC									PUNC	@	PUNC
43863	3	—пасибо	—ѕј—»Ѕќ	S n inan nonflex nonflex			о	б	и	с	а	п	S	—ѕј—»Ѕќ	S n inan nonflex nonflex
43864	4	,	,	PUNC									PUNC	,	PUNC
43865	5	до	ƒќ	PR			о	д					PR	ƒќ	PR
43866	6	свидани€	—¬»ƒјЌ»≈	S n inan gen sg			€	и	н	а	д	и	S	—¬»ƒјЌ»≈	S n inan gen sg
43867	7	.	.	SENT									SENT	.	SENT
43868															
43869	1	»нтервьюер	»Ќ“≈–¬№ё≈–	S m anim nom sg			р	е	ю	ь	в	р	S	»Ќ“≈–¬№ё≈–	S m anim nom sg
43870	2	@	@	PUNC									PUNC	@	PUNC
43871	3	—бор	—Ѕќ–	S m inan nom sg			р	о	б	с			S	—Ѕќ–	S m inan nom sg
43872	4	материала	ћј“≈–»јЋ	S m inan gen sg			а	л	а	и	р	е	S	ћј“≈–»јЋ	S m inan gen sg
43873	5	закончен	«ј ќЌ„»“№	PARTCP pf praet - sg brev m pass inan			н	е	ч	н	о	к	PARTCP	«ј ќЌ„»“№	PARTCP pf praet - sg brev m pass -
